Entity,Code,Year,renewable_share_of_electricity__pct
Albania,ALB,2000,96.1945
Albania,ALB,2001,95.39295
Albania,ALB,2002,93.80054
Albania,ALB,2003,97.89674
Albania,ALB,2004,97.47747
Albania,ALB,2005,98.7013
Albania,ALB,2006,98.21428
Albania,ALB,2007,97.526505
Albania,ALB,2008,100.0
Albania,ALB,2009,100.0
Albania,ALB,2010,100.0
Albania,ALB,2011,98.56802
Albania,ALB,2012,100.0
Albania,ALB,2013,100.0
Albania,ALB,2014,100.0
Albania,ALB,2015,100.0
Albania,ALB,2016,100.0
Albania,ALB,2017,100.0
Albania,ALB,2018,100.0
Albania,ALB,2019,100.0
Albania,ALB,2020,100.0
Albania,ALB,2021,100.0
Albania,ALB,2022,100.0
Albania,ALB,2023,100.0
Austria,AUT,1985,72.51263
Austria,AUT,1986,73.2006
Austria,AUT,1987,73.04341
Austria,AUT,1988,75.497
Austria,AUT,1989,73.617905
Austria,AUT,1990,66.24721
Austria,AUT,1991,65.09171
Austria,AUT,1992,72.479454
Austria,AUT,1993,74.15708
Austria,AUT,1994,71.02984
Austria,AUT,1995,70.6812
Austria,AUT,1996,66.95978
Austria,AUT,1997,68.03382
Austria,AUT,1998,69.92117
Austria,AUT,1999,70.91426
Austria,AUT,2000,72.83702
Austria,AUT,2001,69.268616
Austria,AUT,2002,69.107704
Austria,AUT,2003,60.790066
Austria,AUT,2004,64.058205
Austria,AUT,2005,63.507843
Austria,AUT,2006,65.35927
Austria,AUT,2007,68.70921
Austria,AUT,2008,69.16744
Austria,AUT,2009,71.25812
Austria,AUT,2010,66.337364
Austria,AUT,2011,65.771706
Austria,AUT,2012,74.77058
Austria,AUT,2013,78.233925
Austria,AUT,2014,81.55971
Austria,AUT,2015,77.0314
Austria,AUT,2016,78.742096
Austria,AUT,2017,76.09182
Austria,AUT,2018,77.40839
Austria,AUT,2019,77.29523
Austria,AUT,2020,80.2723
Austria,AUT,2021,79.14983
Austria,AUT,2022,78.15842
Austria,AUT,2023,84.713196
Austria,AUT,2024,86.720146
Belarus,BLR,1985,0.06028636
Belarus,BLR,1986,0.05512375
Belarus,BLR,1987,0.053400263
Belarus,BLR,1988,0.052424636
Belarus,BLR,1989,0.0519629
Belarus,BLR,1990,0.0505996
Belarus,BLR,1991,0.0464696
Belarus,BLR,1992,0.04521878
Belarus,BLR,1993,0.056939073
Belarus,BLR,1994,0.060515337
Belarus,BLR,1995,0.080263264
Belarus,BLR,1996,0.06743088
Belarus,BLR,1997,0.08059255
Belarus,BLR,1998,0.119189516
Belarus,BLR,1999,0.07165485
Belarus,BLR,2000,0.11494252
Belarus,BLR,2001,0.11966494
Belarus,BLR,2002,0.11337869
Belarus,BLR,2003,0.1126549
Belarus,BLR,2004,0.09615384
Belarus,BLR,2005,0.12919897
Belarus,BLR,2006,0.12574662
Belarus,BLR,2007,0.15708451
Belarus,BLR,2008,0.1997147
Belarus,BLR,2009,0.36219952
Belarus,BLR,2010,0.4011461
Belarus,BLR,2011,0.4349177
Belarus,BLR,2012,0.6815969
Belarus,BLR,2013,0.95207876
Belarus,BLR,2014,0.8347725
Belarus,BLR,2015,0.99735993
Belarus,BLR,2016,1.2809056
Belarus,BLR,2017,2.2602146
Belarus,BLR,2018,2.0774558
Belarus,BLR,2019,2.5704398
Belarus,BLR,2020,3.502854
Belarus,BLR,2021,3.0787878
Belarus,BLR,2022,3.3889186
Belarus,BLR,2023,3.074805
Belarus,BLR,2024,3.1118956
Belgium,BEL,1985,0.59314054
Belgium,BEL,1986,0.78737473
Belgium,BEL,1987,0.9105686
Belgium,BEL,1988,0.8370442
Belgium,BEL,1989,0.7446667
Belgium,BEL,1990,0.7966994
Belgium,BEL,1991,0.7585335
Belgium,BEL,1992,0.8681042
Belgium,BEL,1993,0.7277397
Belgium,BEL,1994,0.85506034
Belgium,BEL,1995,0.9113167
Belgium,BEL,1996,0.7452755
Belgium,BEL,1997,0.7704161
Belgium,BEL,1998,0.92581314
Belgium,BEL,1999,1.0195514
Belgium,BEL,2000,1.2682691
Belgium,BEL,2001,1.3735217
Belgium,BEL,2002,1.4084506
Belgium,BEL,2003,1.435922
Belgium,BEL,2004,1.8091906
Belgium,BEL,2005,2.5005925
Belgium,BEL,2006,3.551716
Belgium,BEL,2007,4.020274
Belgium,BEL,2008,5.3214545
Belgium,BEL,2009,6.060606
Belgium,BEL,2010,7.051489
Belgium,BEL,2011,9.353647
Belgium,BEL,2012,12.894123
Belgium,BEL,2013,14.301404
Belgium,BEL,2014,17.148878
Belgium,BEL,2015,21.101854
Belgium,BEL,2016,16.90191
Belgium,BEL,2017,18.51418
Belgium,BEL,2018,23.229998
Belgium,BEL,2019,20.983925
Belgium,BEL,2020,26.5602
Belgium,BEL,2021,22.879566
Belgium,BEL,2022,25.898441
Belgium,BEL,2023,33.44282
Belgium,BEL,2024,35.860138
Bosnia and Herzegovina,BIH,2000,48.801533
Bosnia and Herzegovina,BIH,2001,48.730007
Bosnia and Herzegovina,BIH,2002,48.84152
Bosnia and Herzegovina,BIH,2003,39.929012
Bosnia and Herzegovina,BIH,2004,46.97565
Bosnia and Herzegovina,BIH,2005,47.619045
Bosnia and Herzegovina,BIH,2006,43.942814
Bosnia and Herzegovina,BIH,2007,33.870968
Bosnia and Herzegovina,BIH,2008,33.197
Bosnia and Herzegovina,BIH,2009,40.310078
Bosnia and Herzegovina,BIH,2010,47.430595
Bosnia and Herzegovina,BIH,2011,29.130722
Bosnia and Herzegovina,BIH,2012,30.050688
Bosnia and Herzegovina,BIH,2013,41.971012
Bosnia and Herzegovina,BIH,2014,34.879623
Bosnia and Herzegovina,BIH,2015,33.77967
Bosnia and Herzegovina,BIH,2016,31.677021
Bosnia and Herzegovina,BIH,2017,23.522167
Bosnia and Herzegovina,BIH,2018,34.347145
Bosnia and Herzegovina,BIH,2019,36.681973
Bosnia and Herzegovina,BIH,2020,29.184036
Bosnia and Herzegovina,BIH,2021,39.00054
Bosnia and Herzegovina,BIH,2022,32.048927
Bosnia and Herzegovina,BIH,2023,39.18198
Bosnia and Herzegovina,BIH,2024,36.52576
Bulgaria,BGR,1985,5.3732705
Bulgaria,BGR,1986,5.561932
Bulgaria,BGR,1987,5.835806
Bulgaria,BGR,1988,5.7661977
Bulgaria,BGR,1989,6.0702443
Bulgaria,BGR,1990,3.8902147
Bulgaria,BGR,1991,5.5787663
Bulgaria,BGR,1992,5.361174
Bulgaria,BGR,1993,4.730444
Bulgaria,BGR,1994,3.422854
Bulgaria,BGR,1995,5.210084
Bulgaria,BGR,1996,6.771322
Bulgaria,BGR,1997,6.387975
Bulgaria,BGR,1998,7.4118786
Bulgaria,BGR,1999,7.197469
Bulgaria,BGR,2000,6.479429
Bulgaria,BGR,2001,3.7983427
Bulgaria,BGR,2002,5.0380225
Bulgaria,BGR,2003,7.071902
Bulgaria,BGR,2004,7.5918765
Bulgaria,BGR,2005,9.797221
Bulgaria,BGR,2006,9.308979
Bulgaria,BGR,2007,6.7258296
Bulgaria,BGR,2008,6.5857496
Bulgaria,BGR,2009,8.697707
Bulgaria,BGR,2010,12.540823
Bulgaria,BGR,2011,7.786229
Bulgaria,BGR,2012,11.300043
Bulgaria,BGR,2013,16.062296
Bulgaria,BGR,2014,15.750214
Bulgaria,BGR,2015,17.963457
Bulgaria,BGR,2016,15.8095665
Bulgaria,BGR,2017,13.67083
Bulgaria,BGR,2018,20.167707
Bulgaria,BGR,2019,17.131746
Bulgaria,BGR,2020,18.609865
Bulgaria,BGR,2021,21.83397
Bulgaria,BGR,2022,19.152746
Bulgaria,BGR,2023,25.13089
Bulgaria,BGR,2024,31.079988
Croatia,HRV,1990,44.6084
Croatia,HRV,1991,64.56876
Croatia,HRV,1992,48.98877
Croatia,HRV,1993,47.903564
Croatia,HRV,1994,62.242565
Croatia,HRV,1995,61.58009
Croatia,HRV,1996,70.64632
Croatia,HRV,1997,57.29677
Croatia,HRV,1998,52.709793
Croatia,HRV,1999,56.635803
Croatia,HRV,2000,57.53791
Croatia,HRV,2001,56.313725
Croatia,HRV,2002,46.099293
Croatia,HRV,2003,41.48936
Croatia,HRV,2004,55.010815
Croatia,HRV,2005,54.099617
Croatia,HRV,2006,51.51046
Croatia,HRV,2007,37.79904
Croatia,HRV,2008,45.696404
Croatia,HRV,2009,56.02996
Croatia,HRV,2010,62.880325
Croatia,HRV,2011,47.016922
Croatia,HRV,2012,49.763485
Croatia,HRV,2013,66.57102
Croatia,HRV,2014,74.0134
Croatia,HRV,2015,66.903915
Croatia,HRV,2016,66.349205
Croatia,HRV,2017,60.492775
Croatia,HRV,2018,72.33727
Croatia,HRV,2019,66.00791
Croatia,HRV,2020,64.625854
Croatia,HRV,2021,69.68895
Croatia,HRV,2022,63.475174
Croatia,HRV,2023,69.76205
Croatia,HRV,2024,72.85156
Czechia,CZE,1985,2.8750367
Czechia,CZE,1986,3.0954032
Czechia,CZE,1987,3.9632773
Czechia,CZE,1988,3.2626605
Czechia,CZE,1989,2.5226085
Czechia,CZE,1990,1.8628552
Czechia,CZE,1991,1.8076286
Czechia,CZE,1992,2.370872
Czechia,CZE,1993,2.6078064
Czechia,CZE,1994,3.047945
Czechia,CZE,1995,3.9782107
Czechia,CZE,1996,3.5406547
Czechia,CZE,1997,3.4106839
Czechia,CZE,1998,3.079542
Czechia,CZE,1999,3.677731
Czechia,CZE,2000,3.1275718
Czechia,CZE,2001,3.4626784
Czechia,CZE,2002,3.9342105
Czechia,CZE,2003,2.2587268
Czechia,CZE,2004,3.2700799
Czechia,CZE,2005,3.8203347
Czechia,CZE,2006,4.207506
Czechia,CZE,2007,3.896548
Czechia,CZE,2008,4.466859
Czechia,CZE,2009,5.7079864
Czechia,CZE,2010,6.9349914
Czechia,CZE,2011,8.356417
Czechia,CZE,2012,9.320859
Czechia,CZE,2013,10.825282
Czechia,CZE,2014,10.790774
Czechia,CZE,2015,11.407443
Czechia,CZE,2016,11.45122
Czechia,CZE,2017,11.229011
Czechia,CZE,2018,10.859052
Czechia,CZE,2019,11.735885
Czechia,CZE,2020,12.908864
Czechia,CZE,2021,12.718144
Czechia,CZE,2022,12.862773
Czechia,CZE,2023,14.707822
Czechia,CZE,2024,17.104904
Denmark,DNK,1985,0.40181115
Denmark,DNK,1986,0.66659975
Denmark,DNK,1987,0.8959179
Denmark,DNK,1988,1.4410659
Denmark,DNK,1989,2.517276
Denmark,DNK,1990,3.1996915
Denmark,DNK,1991,2.908093
Denmark,DNK,1992,4.4444447
Denmark,DNK,1993,4.766134
Denmark,DNK,1994,4.309064
Denmark,DNK,1995,5.0847454
Denmark,DNK,1996,3.8965902
Denmark,DNK,1997,6.6379704
Denmark,DNK,1998,9.604106
Denmark,DNK,1999,11.311983
Denmark,DNK,2000,15.536961
Denmark,DNK,2001,15.583377
Denmark,DNK,2002,17.36573
Denmark,DNK,2003,17.554926
Denmark,DNK,2004,23.682901
Denmark,DNK,2005,27.161861
Denmark,DNK,2006,20.224472
Denmark,DNK,2007,26.31579
Denmark,DNK,2008,27.686405
Denmark,DNK,2009,27.77931
Denmark,DNK,2010,32.07742
Denmark,DNK,2011,40.35887
Denmark,DNK,2012,48.544327
Denmark,DNK,2013,46.11384
Denmark,DNK,2014,56.148563
Denmark,DNK,2015,65.77484
Denmark,DNK,2016,60.49342
Denmark,DNK,2017,70.55016
Denmark,DNK,2018,68.68587
Denmark,DNK,2019,78.54954
Denmark,DNK,2020,82.050385
Denmark,DNK,2021,79.28312
Denmark,DNK,2022,81.48042
Denmark,DNK,2023,87.00683
Denmark,DNK,2024,88.03949
Estonia,EST,1985,0.0
Estonia,EST,1986,0.0
Estonia,EST,1987,0.0
Estonia,EST,1988,0.0
Estonia,EST,1989,0.0
Estonia,EST,1990,0.0
Estonia,EST,1991,0.0
Estonia,EST,1992,0.0
Estonia,EST,1993,0.0
Estonia,EST,1994,0.0
Estonia,EST,1995,0.1150748
Estonia,EST,1996,0.0
Estonia,EST,1997,0.10845987
Estonia,EST,1998,0.11695906
Estonia,EST,1999,0.120918974
Estonia,EST,2000,0.11750881
Estonia,EST,2001,0.23557127
Estonia,EST,2002,0.3516999
Estonia,EST,2003,0.492126
Estonia,EST,2004,0.58195925
Estonia,EST,2005,1.0784314
Estonia,EST,2006,1.336074
Estonia,EST,2007,1.1494253
Estonia,EST,2008,1.8903592
Estonia,EST,2009,6.150342
Estonia,EST,2010,8.095605
Estonia,EST,2011,9.154383
Estonia,EST,2012,12.29097
Estonia,EST,2013,9.262049
Estonia,EST,2014,11.164659
Estonia,EST,2015,15.369458
Estonia,EST,2016,13.064914
Estonia,EST,2017,14.1337385
Estonia,EST,2018,16.087309
Estonia,EST,2019,28.120895
Estonia,EST,2020,48.848686
Estonia,EST,2021,39.91655
Estonia,EST,2022,31.991053
Estonia,EST,2023,49.74359
Estonia,EST,2024,56.672157
Finland,FIN,1985,24.97134
Finland,FIN,1986,25.31237
Finland,FIN,1987,26.022257
Finland,FIN,1988,24.981073
Finland,FIN,1989,24.420065
Finland,FIN,1990,29.4702
Finland,FIN,1991,31.400969
Finland,FIN,1992,34.76603
Finland,FIN,1993,31.837538
Finland,FIN,1994,27.842121
Finland,FIN,1995,30.546873
Finland,FIN,1996,25.62401
Finland,FIN,1997,29.156416
Finland,FIN,1998,34.802452
Finland,FIN,1999,30.524345
Finland,FIN,2000,33.414318
Finland,FIN,2001,28.93217
Finland,FIN,2002,26.468233
Finland,FIN,2003,22.615091
Finland,FIN,2004,29.857876
Finland,FIN,2005,33.2483
Finland,FIN,2006,27.293716
Finland,FIN,2007,29.96181
Finland,FIN,2008,35.901745
Finland,FIN,2009,30.113796
Finland,FIN,2010,29.985119
Finland,FIN,2011,32.89796
Finland,FIN,2012,40.562416
Finland,FIN,2013,35.96688
Finland,FIN,2014,38.59031
Finland,FIN,2015,44.497887
Finland,FIN,2016,44.232727
Finland,FIN,2017,46.608414
Finland,FIN,2018,45.763916
Finland,FIN,2019,46.465527
Finland,FIN,2020,51.89197
Finland,FIN,2021,52.946888
Finland,FIN,2022,53.567966
Finland,FIN,2023,51.824097
Finland,FIN,2024,55.418663
France,FRA,1985,18.454147
France,FRA,1986,17.671238
France,FRA,1987,19.088827
France,FRA,1988,19.968836
France,FRA,1989,11.974421
France,FRA,1990,13.128545
France,FRA,1991,12.974642
France,FRA,1992,15.182972
France,FRA,1993,13.944494
France,FRA,1994,16.747738
France,FRA,1995,15.0507765
France,FRA,1996,13.214124
France,FRA,1997,12.975907
France,FRA,1998,12.539284
France,FRA,1999,14.187551
France,FRA,2000,12.736593
France,FRA,2001,14.023221
France,FRA,2002,11.372541
France,FRA,2003,10.993866
France,FRA,2004,11.022427
France,FRA,2005,9.660189
France,FRA,2006,10.736824
France,FRA,2007,11.444539
France,FRA,2008,12.757065
France,FRA,2009,12.885964
France,FRA,2010,13.635394
France,FRA,2011,11.630405
France,FRA,2012,15.019909
France,FRA,2013,17.239706
France,FRA,2014,16.60398
France,FRA,2015,15.996098
France,FRA,2016,17.715267
France,FRA,2017,16.6463
France,FRA,2018,19.710018
France,FRA,2019,19.985151
France,FRA,2020,23.738197
France,FRA,2021,22.2091
France,FRA,2022,24.207561
France,FRA,2023,26.470757
France,FRA,2024,26.243881
Germany,DEU,1985,3.6446776
Germany,DEU,1986,3.8522167
Germany,DEU,1987,4.0926185
Germany,DEU,1988,3.9537015
Germany,DEU,1989,3.5756319
Germany,DEU,1990,3.5222955
Germany,DEU,1991,3.167792
Germany,DEU,1992,3.6963484
Germany,DEU,1993,3.940698
Germany,DEU,1994,4.4966893
Germany,DEU,1995,4.8839316
Germany,DEU,1996,4.842858
Germany,DEU,1997,4.218753
Germany,DEU,1998,4.529731
Germany,DEU,1999,5.2269373
Germany,DEU,2000,6.2237453
Germany,DEU,2001,6.5429926
Germany,DEU,2002,7.621283
Germany,DEU,2003,7.7521048
Germany,DEU,2004,9.509515
Germany,DEU,2005,10.341735
Germany,DEU,2006,11.513804
Germany,DEU,2007,14.172081
Germany,DEU,2008,14.925115
Germany,DEU,2009,16.341248
Germany,DEU,2010,16.886946
Germany,DEU,2011,20.566942
Germany,DEU,2012,23.136122
Germany,DEU,2013,24.13092
Germany,DEU,2014,26.170504
Germany,DEU,2015,29.43505
Germany,DEU,2016,29.481544
Germany,DEU,2017,33.466778
Germany,DEU,2018,35.25811
Germany,DEU,2019,40.18897
Germany,DEU,2020,44.374065
Germany,DEU,2021,40.167233
Germany,DEU,2022,44.372704
Germany,DEU,2023,53.28971
Germany,DEU,2024,57.445427
Greece,GRC,1985,10.1117525
Greece,GRC,1986,11.456599
Greece,GRC,1987,9.1867075
Greece,GRC,1988,7.0880995
Greece,GRC,1989,5.517181
Greece,GRC,1990,5.1754384
Greece,GRC,1991,8.80932
Greece,GRC,1992,6.01197
Greece,GRC,1993,6.175457
Greece,GRC,1994,6.5967016
Greece,GRC,1995,8.695652
Greece,GRC,1996,10.410244
Greece,GRC,1997,9.156739
Greece,GRC,1998,8.293217
Greece,GRC,1999,9.715689
Greece,GRC,2000,7.8201737
Greece,GRC,2001,5.5957365
Greece,GRC,2002,6.709145
Greece,GRC,2003,10.282822
Greece,GRC,2004,10.151151
Greece,GRC,2005,10.914353
Greece,GRC,2006,12.910285
Greece,GRC,2007,7.355769
Greece,GRC,2008,9.247346
Greece,GRC,2009,13.523367
Greece,GRC,2010,18.600954
Greece,GRC,2011,13.943541
Greece,GRC,2012,16.908697
Greece,GRC,2013,25.474543
Greece,GRC,2014,24.546555
Greece,GRC,2015,29.08913
Greece,GRC,2016,27.65602
Greece,GRC,2017,25.182482
Greece,GRC,2018,30.678577
Greece,GRC,2019,33.57664
Greece,GRC,2020,36.93959
Greece,GRC,2021,40.800144
Greece,GRC,2022,43.448814
Greece,GRC,2023,49.72353
Greece,GRC,2024,49.711693
Hungary,HUN,1985,0.5784877
Hungary,HUN,1986,0.54913706
Hungary,HUN,1987,0.5680863
Hungary,HUN,1988,0.5781138
Hungary,HUN,1989,0.5338559
Hungary,HUN,1990,0.70323485
Hungary,HUN,1991,0.7009346
Hungary,HUN,1992,0.66287875
Hungary,HUN,1993,0.6381039
Hungary,HUN,1994,0.6264916
Hungary,HUN,1995,0.6466784
Hungary,HUN,1996,0.74095184
Hungary,HUN,1997,0.7627119
Hungary,HUN,1998,0.5913978
Hungary,HUN,1999,0.63441706
Hungary,HUN,2000,0.68201196
Hungary,HUN,2001,0.7138935
Hungary,HUN,2002,0.63623786
Hungary,HUN,2003,0.9668913
Hungary,HUN,2004,2.78849
Hungary,HUN,2005,5.230769
Hungary,HUN,2006,4.1562066
Hungary,HUN,2007,4.7047048
Hungary,HUN,2008,5.8720636
Hungary,HUN,2009,8.047898
Hungary,HUN,2010,8.083511
Hungary,HUN,2011,7.523598
Hungary,HUN,2012,7.6256504
Hungary,HUN,2013,9.1840105
Hungary,HUN,2014,10.751957
Hungary,HUN,2015,10.616551
Hungary,HUN,2016,10.19448
Hungary,HUN,2017,10.571082
Hungary,HUN,2018,11.762871
Hungary,HUN,2019,13.710618
Hungary,HUN,2020,15.807561
Hungary,HUN,2021,19.141275
Hungary,HUN,2022,21.40861
Hungary,HUN,2023,26.35135
Hungary,HUN,2024,31.770561
Iceland,ISL,1985,99.914604
Iceland,ISL,1986,99.90875
Iceland,ISL,1987,99.90614
Iceland,ISL,1988,99.8565
Iceland,ISL,1989,99.89905
Iceland,ISL,1990,99.761284
Iceland,ISL,1991,99.89846
Iceland,ISL,1992,99.89308
Iceland,ISL,1993,99.87287
Iceland,ISL,1994,99.89313
Iceland,ISL,1995,99.78912
Iceland,ISL,1996,99.87892
Iceland,ISL,1997,99.90772
Iceland,ISL,1998,99.90164
Iceland,ISL,1999,99.90988
Iceland,ISL,2000,100.0
Iceland,ISL,2001,100.0
Iceland,ISL,2002,99.88023
Iceland,ISL,2003,99.88152
Iceland,ISL,2004,100.0
Iceland,ISL,2005,100.0
Iceland,ISL,2006,100.0
Iceland,ISL,2007,100.0
Iceland,ISL,2008,100.0
Iceland,ISL,2009,100.0
Iceland,ISL,2010,100.0
Iceland,ISL,2011,100.0
Iceland,ISL,2012,100.0
Iceland,ISL,2013,100.0
Iceland,ISL,2014,100.0
Iceland,ISL,2015,100.0
Iceland,ISL,2016,100.0
Iceland,ISL,2017,100.0
Iceland,ISL,2018,100.0
Iceland,ISL,2019,100.0
Iceland,ISL,2020,100.0
Iceland,ISL,2021,100.0
Iceland,ISL,2022,100.0
Iceland,ISL,2023,100.0
Iceland,ISL,2024,99.98544
Ireland,IRL,1985,6.927201
Ireland,IRL,1986,7.2618556
Ireland,IRL,1987,5.2523727
Ireland,IRL,1988,6.5939674
Ireland,IRL,1989,5.044459
Ireland,IRL,1990,4.9261084
Ireland,IRL,1991,5.030181
Ireland,IRL,1992,5.266497
Ireland,IRL,1993,4.8387094
Ireland,IRL,1994,5.5985703
Ireland,IRL,1995,4.1548095
Ireland,IRL,1996,4.027557
Ireland,IRL,1997,4.1221375
Ireland,IRL,1998,5.659472
Ireland,IRL,1999,5.2025785
Ireland,IRL,2000,4.9957657
Ireland,IRL,2001,4.1903987
Ireland,IRL,2002,5.564516
Ireland,IRL,2003,4.59307
Ireland,IRL,2004,5.520254
Ireland,IRL,2005,7.3103986
Ireland,IRL,2006,9.124493
Ireland,IRL,2007,9.918814
Ireland,IRL,2008,12.044162
Ireland,IRL,2009,14.745883
Ireland,IRL,2010,13.233725
Ireland,IRL,2011,20.014744
Ireland,IRL,2012,19.379845
Ireland,IRL,2013,22.043852
Ireland,IRL,2014,24.786655
Ireland,IRL,2015,28.031384
Ireland,IRL,2016,24.86755
Ireland,IRL,2017,28.962818
Ireland,IRL,2018,33.00971
Ireland,IRL,2019,38.391403
Ireland,IRL,2020,42.10197
Ireland,IRL,2021,36.73211
Ireland,IRL,2022,38.887234
Ireland,IRL,2023,44.961735
Ireland,IRL,2024,45.322113
Italy,ITA,1985,23.650263
Italy,ITA,1986,22.94026
Italy,ITA,1987,21.228374
Italy,ITA,1988,21.62251
Italy,ITA,1989,17.742832
Italy,ITA,1990,16.373447
Italy,ITA,1991,20.844206
Italy,ITA,1992,20.55416
Italy,ITA,1993,20.578865
Italy,ITA,1994,21.092896
Italy,ITA,1995,17.466402
Italy,ITA,1996,19.307407
Italy,ITA,1997,18.738337
Italy,ITA,1998,18.32374
Italy,ITA,1999,19.795565
Italy,ITA,2000,18.844929
Italy,ITA,2001,19.988966
Italy,ITA,2002,17.407127
Italy,ITA,2003,16.369164
Italy,ITA,2004,18.34122
Italy,ITA,2005,16.437565
Italy,ITA,2006,16.570139
Italy,ITA,2007,15.586112
Italy,ITA,2008,18.666752
Italy,ITA,2009,24.18634
Italy,ITA,2010,25.94815
Italy,ITA,2011,27.801052
Italy,ITA,2012,31.234547
Italy,ITA,2013,39.158104
Italy,ITA,2014,43.640835
Italy,ITA,2015,38.930996
Italy,ITA,2016,37.772335
Italy,ITA,2017,35.567806
Italy,ITA,2018,39.995106
Italy,ITA,2019,39.94276
Italy,ITA,2020,42.231133
Italy,ITA,2021,40.74749
Italy,ITA,2022,35.8568
Italy,ITA,2023,44.577347
Italy,ITA,2024,49.317913
Kosovo,OWID_KOS,2000,1.6891892
Kosovo,OWID_KOS,2001,1.3404826
Kosovo,OWID_KOS,2002,1.347709
Kosovo,OWID_KOS,2003,1.3774104
Kosovo,OWID_KOS,2004,2.6960785
Kosovo,OWID_KOS,2005,2.4663677
Kosovo,OWID_KOS,2006,2.2573364
Kosovo,OWID_KOS,2007,1.8633541
Kosovo,OWID_KOS,2008,1.5503876
Kosovo,OWID_KOS,2009,2.414487
Kosovo,OWID_KOS,2010,3.0947773
Kosovo,OWID_KOS,2011,1.7241379
Kosovo,OWID_KOS,2012,1.6835017
Kosovo,OWID_KOS,2013,2.1472392
Kosovo,OWID_KOS,2014,2.7624311
Kosovo,OWID_KOS,2015,2.2913256
Kosovo,OWID_KOS,2016,4.180602
Kosovo,OWID_KOS,2017,3.0405407
Kosovo,OWID_KOS,2018,5.0761423
Kosovo,OWID_KOS,2019,4.88189
Kosovo,OWID_KOS,2020,5.3731346
Kosovo,OWID_KOS,2021,6.512301
Kosovo,OWID_KOS,2022,6.512301
Kosovo,OWID_KOS,2023,9.328969
Kosovo,OWID_KOS,2024,5.3516817
Latvia,LVA,1985,60.04184
Latvia,LVA,1986,57.885277
Latvia,LVA,1987,62.304832
Latvia,LVA,1988,58.723534
Latvia,LVA,1989,62.16567
Latvia,LVA,1990,67.669174
Latvia,LVA,1991,58.053097
Latvia,LVA,1992,65.625
Latvia,LVA,1993,73.28245
Latvia,LVA,1994,74.549545
Latvia,LVA,1995,73.68421
Latvia,LVA,1996,59.615387
Latvia,LVA,1997,65.410194
Latvia,LVA,1998,74.48276
Latvia,LVA,1999,67.15328
Latvia,LVA,2000,68.115944
Latvia,LVA,2001,66.276344
Latvia,LVA,2002,62.468513
Latvia,LVA,2003,58.942062
Latvia,LVA,2004,68.23028
Latvia,LVA,2005,69.5122
Latvia,LVA,2006,57.055214
Latvia,LVA,2007,59.243694
Latvia,LVA,2008,60.910816
Latvia,LVA,2009,63.913822
Latvia,LVA,2010,54.901962
Latvia,LVA,2011,50.57471
Latvia,LVA,2012,66.61264
Latvia,LVA,2013,56.935486
Latvia,LVA,2014,54.47471
Latvia,LVA,2015,50.180504
Latvia,LVA,2016,54.20561
Latvia,LVA,2017,72.50996
Latvia,LVA,2018,51.934525
Latvia,LVA,2019,49.53416
Latvia,LVA,2020,63.636368
Latvia,LVA,2021,63.589745
Latvia,LVA,2022,75.94433
Latvia,LVA,2023,77.70801
Latvia,LVA,2024,74.303406
Lithuania,LTU,1985,1.8763793
Lithuania,LTU,1986,1.7152382
Lithuania,LTU,1987,1.5925766
Lithuania,LTU,1988,1.4787992
Lithuania,LTU,1989,1.3186357
Lithuania,LTU,1990,1.4436619
Lithuania,LTU,1991,1.1576438
Lithuania,LTU,1992,1.6711591
Lithuania,LTU,1993,2.7997127
Lithuania,LTU,1994,4.6106553
Lithuania,LTU,1995,2.7366862
Lithuania,LTU,1996,2.0320199
Lithuania,LTU,1997,2.0847812
Lithuania,LTU,1998,2.4489796
Lithuania,LTU,1999,3.1345565
Lithuania,LTU,2000,3.054807
Lithuania,LTU,2001,2.2980504
Lithuania,LTU,2002,2.0242913
Lithuania,LTU,2003,1.7534539
Lithuania,LTU,2004,2.2933333
Lithuania,LTU,2005,3.190014
Lithuania,LTU,2006,3.562552
Lithuania,LTU,2007,4.309064
Lithuania,LTU,2008,4.5011253
Lithuania,LTU,2009,4.644809
Lithuania,LTU,2010,18.2
Lithuania,LTU,2011,26.117647
Lithuania,LTU,2012,26.222221
Lithuania,LTU,2013,36.51551
Lithuania,LTU,2014,40.92141
Lithuania,LTU,2015,39.716312
Lithuania,LTU,2016,57.851234
Lithuania,LTU,2017,71.06741
Lithuania,LTU,2018,75.34247
Lithuania,LTU,2019,73.952095
Lithuania,LTU,2020,54.68085
Lithuania,LTU,2021,60.930225
Lithuania,LTU,2022,74.75247
Lithuania,LTU,2023,83.49328
Lithuania,LTU,2024,80.327866
Luxembourg,LUX,1985,9.329798
Luxembourg,LUX,1986,10.103137
Luxembourg,LUX,1987,11.780105
Luxembourg,LUX,1988,8.621103
Luxembourg,LUX,1989,6.4524403
Luxembourg,LUX,1990,12.903225
Luxembourg,LUX,1991,12.857143
Luxembourg,LUX,1992,12.121211
Luxembourg,LUX,1993,11.940298
Luxembourg,LUX,1994,18.644068
Luxembourg,LUX,1995,22.448978
Luxembourg,LUX,1996,17.777779
Luxembourg,LUX,1997,24.390244
Luxembourg,LUX,1998,40.540543
Luxembourg,LUX,1999,36.111107
Luxembourg,LUX,2000,40.0
Luxembourg,LUX,2001,19.54023
Luxembourg,LUX,2002,5.357143
Luxembourg,LUX,2003,5.0179214
Luxembourg,LUX,2004,5.6379824
Luxembourg,LUX,2005,6.2686567
Luxembourg,LUX,2006,7.062147
Luxembourg,LUX,2007,8.15047
Luxembourg,LUX,2008,10.294118
Luxembourg,LUX,2009,8.571428
Luxembourg,LUX,2010,8.333334
Luxembourg,LUX,2011,9.090908
Luxembourg,LUX,2012,11.231884
Luxembourg,LUX,2013,19.565218
Luxembourg,LUX,2014,20.94241
Luxembourg,LUX,2015,32.089554
Luxembourg,LUX,2016,58.227848
Luxembourg,LUX,2017,66.66667
Luxembourg,LUX,2018,70.833336
Luxembourg,LUX,2019,74.76635
Luxembourg,LUX,2020,79.508194
Luxembourg,LUX,2021,80.4878
Luxembourg,LUX,2022,85.83333
Luxembourg,LUX,2023,89.20863
Luxembourg,LUX,2024,90.38461
Malta,MLT,1990,0.0
Malta,MLT,1991,0.0
Malta,MLT,1992,0.0
Malta,MLT,1993,0.0
Malta,MLT,1994,0.0
Malta,MLT,1995,0.0
Malta,MLT,1996,0.0
Malta,MLT,1997,0.0
Malta,MLT,1998,0.0
Malta,MLT,1999,0.0
Malta,MLT,2000,0.0
Malta,MLT,2001,0.0
Malta,MLT,2002,0.0
Malta,MLT,2003,0.0
Malta,MLT,2004,0.0
Malta,MLT,2005,0.0
Malta,MLT,2006,0.0
Malta,MLT,2007,0.0
Malta,MLT,2008,0.0
Malta,MLT,2009,0.0
Malta,MLT,2010,0.0
Malta,MLT,2011,0.0
Malta,MLT,2012,1.3043479
Malta,MLT,2013,1.7699115
Malta,MLT,2014,3.5555556
Malta,MLT,2015,7.692308
Malta,MLT,2016,16.27907
Malta,MLT,2017,10.303031
Malta,MLT,2018,10.152285
Malta,MLT,2019,10.144928
Malta,MLT,2020,11.627907
Malta,MLT,2021,12.162163
Malta,MLT,2022,13.043479
Malta,MLT,2023,13.617022
Malta,MLT,2024,16.74208
Moldova,MDA,2000,7.1559634
Moldova,MDA,2001,6.1538463
Moldova,MDA,2002,6.2056737
Moldova,MDA,2003,6.239168
Moldova,MDA,2004,6.0344825
Moldova,MDA,2005,6.0301514
Moldova,MDA,2006,6.0855265
Moldova,MDA,2007,5.962521
Moldova,MDA,2008,6.322795
Moldova,MDA,2009,5.654281
Moldova,MDA,2010,6.5466447
Moldova,MDA,2011,6.055363
Moldova,MDA,2012,4.6471605
Moldova,MDA,2013,6.873614
Moldova,MDA,2014,6.1452518
Moldova,MDA,2015,4.470199
Moldova,MDA,2016,4.102564
Moldova,MDA,2017,6.25
Moldova,MDA,2018,5.947955
Moldova,MDA,2019,6.5026364
Moldova,MDA,2020,5.825243
Moldova,MDA,2021,6.606607
Moldova,MDA,2022,9.5684805
Moldova,MDA,2023,12.079207
Moldova,MDA,2024,11.708254
Montenegro,MNE,2005,65.1568
Montenegro,MNE,2006,59.322033
Montenegro,MNE,2007,59.81308
Montenegro,MNE,2008,54.41696
Montenegro,MNE,2009,75.0
Montenegro,MNE,2010,68.40796
Montenegro,MNE,2011,45.28302
Montenegro,MNE,2012,51.92983
Montenegro,MNE,2013,63.451775
Montenegro,MNE,2014,55.205048
Montenegro,MNE,2015,49.666668
Montenegro,MNE,2016,58.598724
Montenegro,MNE,2017,45.16129
Montenegro,MNE,2018,59.210526
Montenegro,MNE,2019,56.26822
Montenegro,MNE,2020,52.212387
Montenegro,MNE,2021,61.80371
Montenegro,MNE,2022,53.172207
Montenegro,MNE,2023,61.137444
Montenegro,MNE,2024,60.27027
Netherlands,NLD,1985,0.7050417
Netherlands,NLD,1986,0.82923925
Netherlands,NLD,1987,1.029979
Netherlands,NLD,1988,1.2246245
Netherlands,NLD,1989,1.3136109
Netherlands,NLD,1990,1.1598303
Netherlands,NLD,1991,1.2701447
Netherlands,NLD,1992,1.3185655
Netherlands,NLD,1993,1.4496574
Netherlands,NLD,1994,1.6100178
Netherlands,NLD,1995,1.7673602
Netherlands,NLD,1996,2.1648626
Netherlands,NLD,1997,2.3619273
Netherlands,NLD,1998,2.5953686
Netherlands,NLD,1999,2.947393
Netherlands,NLD,2000,3.3727005
Netherlands,NLD,2001,3.5923593
Netherlands,NLD,2002,4.20541
Netherlands,NLD,2003,4.1478996
Netherlands,NLD,2004,5.3095574
Netherlands,NLD,2005,7.571298
Netherlands,NLD,2006,8.264972
Netherlands,NLD,2007,7.320602
Netherlands,NLD,2008,8.97279
Netherlands,NLD,2009,9.63952
Netherlands,NLD,2010,9.475021
Netherlands,NLD,2011,10.9375
Netherlands,NLD,2012,12.193214
Netherlands,NLD,2013,12.032618
Netherlands,NLD,2014,11.410381
Netherlands,NLD,2015,12.560785
Netherlands,NLD,2016,12.969462
Netherlands,NLD,2017,15.020682
Netherlands,NLD,2018,16.693192
Netherlands,NLD,2019,18.992086
Netherlands,NLD,2020,26.836668
Netherlands,NLD,2021,33.402317
Netherlands,NLD,2022,40.01169
Netherlands,NLD,2023,47.30148
Netherlands,NLD,2024,50.7686
North Macedonia,MKD,1990,8.521739
North Macedonia,MKD,1991,14.73137
North Macedonia,MKD,1992,14.003295
North Macedonia,MKD,1993,10.03861
North Macedonia,MKD,1994,11.616161
North Macedonia,MKD,1995,13.0505705
North Macedonia,MKD,1996,12.801206
North Macedonia,MKD,1997,13.372956
North Macedonia,MKD,1998,15.319149
North Macedonia,MKD,1999,20.26239
North Macedonia,MKD,2000,17.180616
North Macedonia,MKD,2001,9.89011
North Macedonia,MKD,2002,12.479474
North Macedonia,MKD,2003,20.356611
North Macedonia,MKD,2004,22.222223
North Macedonia,MKD,2005,21.46974
North Macedonia,MKD,2006,23.537802
North Macedonia,MKD,2007,15.538462
North Macedonia,MKD,2008,13.312202
North Macedonia,MKD,2009,18.6217
North Macedonia,MKD,2010,33.471073
North Macedonia,MKD,2011,21.153845
North Macedonia,MKD,2012,16.613417
North Macedonia,MKD,2013,26.108374
North Macedonia,MKD,2014,23.977694
North Macedonia,MKD,2015,35.929203
North Macedonia,MKD,2016,36.767315
North Macedonia,MKD,2017,23.035713
North Macedonia,MKD,2018,34.93761
North Macedonia,MKD,2019,22.82794
North Macedonia,MKD,2020,27.715355
North Macedonia,MKD,2021,29.83725
North Macedonia,MKD,2022,27.104378
North Macedonia,MKD,2023,32.27207
North Macedonia,MKD,2024,33.103447
Norway,NOR,1985,99.12482
Norway,NOR,1986,98.91349
Norway,NOR,1987,99.05163
Norway,NOR,1988,98.96836
Norway,NOR,1989,99.35569
Norway,NOR,1990,99.79441
Norway,NOR,1991,99.80101
Norway,NOR,1992,99.82068
Norway,NOR,1993,99.79954
Norway,NOR,1994,99.643875
Norway,NOR,1995,99.65644
Norway,NOR,1996,99.50329
Norway,NOR,1997,99.57466
Norway,NOR,1998,99.62206
Norway,NOR,1999,99.558426
Norway,NOR,2000,99.71232
Norway,NOR,2001,99.52193
Norway,NOR,2002,99.58537
Norway,NOR,2003,99.40002
Norway,NOR,2004,99.35513
Norway,NOR,2005,99.468124
Norway,NOR,2006,99.32355
Norway,NOR,2007,99.1404
Norway,NOR,2008,99.40506
Norway,NOR,2009,96.57174
Norway,NOR,2010,95.7934
Norway,NOR,2011,96.807755
Norway,NOR,2012,98.22821
Norway,NOR,2013,97.95704
Norway,NOR,2014,97.91312
Norway,NOR,2015,97.95106
Norway,NOR,2016,98.05444
Norway,NOR,2017,98.11829
Norway,NOR,2018,98.01974
Norway,NOR,2019,97.93768
Norway,NOR,2020,98.51607
Norway,NOR,2021,99.31903
Norway,NOR,2022,98.6453
Norway,NOR,2023,98.46935
Norway,NOR,2024,98.392265
Poland,POL,1985,1.6330947
Poland,POL,1986,1.3664162
Poland,POL,1987,1.2713172
Poland,POL,1988,1.3073299
Poland,POL,1989,1.1769234
Poland,POL,1990,1.1083837
Poland,POL,1991,1.130199
Poland,POL,1992,1.2396694
Poland,POL,1993,1.1762028
Poland,POL,1994,1.3354341
Poland,POL,1995,1.430135
Poland,POL,1996,1.4590268
Poland,POL,1997,1.5112815
Poland,POL,1998,1.7972579
Poland,POL,1999,1.6715479
Poland,POL,2000,1.6273223
Poland,POL,2001,1.9343166
Poland,POL,2002,1.943996
Poland,POL,2003,1.4999001
Poland,POL,2004,2.0978105
Poland,POL,2005,2.4792325
Poland,POL,2006,2.6695707
Poland,POL,2007,3.425435
Poland,POL,2008,4.2783175
Poland,POL,2009,5.7603073
Poland,POL,2010,6.940103
Poland,POL,2011,8.061645
Poland,POL,2012,10.453306
Poland,POL,2013,10.416412
Poland,POL,2014,12.535522
Poland,POL,2015,13.810103
Poland,POL,2016,13.740964
Poland,POL,2017,14.201635
Poland,POL,2018,12.760433
Poland,POL,2019,15.5985775
Poland,POL,2020,17.96373
Poland,POL,2021,17.092678
Poland,POL,2022,21.103022
Poland,POL,2023,27.236242
Poland,POL,2024,29.847239
Portugal,PRT,1985,59.476192
Portugal,PRT,1986,44.804718
Portugal,PRT,1987,48.507572
Portugal,PRT,1988,57.29912
Portugal,PRT,1989,25.116282
Portugal,PRT,1990,34.6982
Portugal,PRT,1991,33.10902
Portugal,PRT,1992,18.622795
Portugal,PRT,1993,30.577173
Portugal,PRT,1994,37.371464
Portugal,PRT,1995,28.501976
Portugal,PRT,1996,46.14035
Portugal,PRT,1997,41.988785
Portugal,PRT,1998,36.51613
Portugal,PRT,1999,20.168459
Portugal,PRT,2000,29.784773
Portugal,PRT,2001,34.172817
Portugal,PRT,2002,21.361141
Portugal,PRT,2003,38.154778
Portugal,PRT,2004,27.551477
Portugal,PRT,2005,17.930885
Portugal,PRT,2006,32.47934
Portugal,PRT,2007,34.703487
Portugal,PRT,2008,32.28937
Portugal,PRT,2009,37.039288
Portugal,PRT,2010,53.01047
Portugal,PRT,2011,46.56238
Portugal,PRT,2012,42.627644
Portugal,PRT,2013,58.53029
Portugal,PRT,2014,60.945946
Portugal,PRT,2015,47.63395
Portugal,PRT,2016,54.699406
Portugal,PRT,2017,39.208195
Portugal,PRT,2018,50.402744
Portugal,PRT,2019,53.120155
Portugal,PRT,2020,58.591167
Portugal,PRT,2021,64.07964
Portugal,PRT,2022,59.594215
Portugal,PRT,2023,74.49664
Portugal,PRT,2024,85.18678
Romania,ROU,1985,17.70169
Romania,ROU,1986,14.322055
Romania,ROU,1987,15.131143
Romania,ROU,1988,19.617111
Romania,ROU,1989,18.032722
Romania,ROU,1990,17.744944
Romania,ROU,1991,25.68662
Romania,ROU,1992,21.662655
Romania,ROU,1993,23.067198
Romania,ROU,1994,23.71003
Romania,ROU,1995,28.264185
Romania,ROU,1996,25.823366
Romania,ROU,1997,30.888577
Romania,ROU,1998,35.64823
Romania,ROU,1999,36.23935
Romania,ROU,2000,28.66563
Romania,ROU,2001,27.861813
Romania,ROU,2002,29.492832
Romania,ROU,2003,24.179432
Romania,ROU,2004,29.236763
Romania,ROU,2005,34.080563
Romania,ROU,2006,29.347826
Romania,ROU,2007,26.007147
Romania,ROU,2008,26.54949
Romania,ROU,2009,27.001215
Romania,ROU,2010,33.598145
Romania,ROU,2011,26.407766
Romania,ROU,2012,25.50393
Romania,ROU,2013,34.627945
Romania,ROU,2014,41.774494
Romania,ROU,2015,39.8873
Romania,ROU,2016,41.99626
Romania,ROU,2017,38.22789
Romania,ROU,2018,40.877167
Romania,ROU,2019,41.91627
Romania,ROU,2020,44.57526
Romania,ROU,2021,44.979507
Romania,ROU,2022,43.149433
Romania,ROU,2023,49.79807
Romania,ROU,2024,47.654182
Russia,RUS,1985,16.603529
Russia,RUS,1986,16.410122
Russia,RUS,1987,15.518747
Russia,RUS,1988,15.103107
Russia,RUS,1989,14.837524
Russia,RUS,1990,15.423269
Russia,RUS,1991,15.742817
Russia,RUS,1992,17.121027
Russia,RUS,1993,18.226152
Russia,RUS,1994,20.091812
Russia,RUS,1995,20.501009
Russia,RUS,1996,18.221094
Russia,RUS,1997,18.880848
Russia,RUS,1998,19.168646
Russia,RUS,1999,18.972496
Russia,RUS,2000,18.70215
Russia,RUS,2001,19.523825
Russia,RUS,2002,18.215376
Russia,RUS,2003,17.030636
Russia,RUS,2004,18.900967
Russia,RUS,2005,18.13942
Russia,RUS,2006,17.51905
Russia,RUS,2007,17.427113
Russia,RUS,2008,15.892307
Russia,RUS,2009,17.591381
Russia,RUS,2010,16.090248
Russia,RUS,2011,15.511063
Russia,RUS,2012,15.333826
Russia,RUS,2013,17.150736
Russia,RUS,2014,16.370045
Russia,RUS,2015,15.826893
Russia,RUS,2016,17.019716
Russia,RUS,2017,17.078915
Russia,RUS,2018,17.309929
Russia,RUS,2019,17.548471
Russia,RUS,2020,19.923162
Russia,RUS,2021,19.034286
Russia,RUS,2022,17.57674
Russia,RUS,2023,17.746658
Russia,RUS,2024,18.128984
Serbia,SRB,1990,19.219912
Serbia,SRB,1991,25.40483
Serbia,SRB,1992,26.7269
Serbia,SRB,1993,26.902538
Serbia,SRB,1994,28.942245
Serbia,SRB,1995,30.764448
Serbia,SRB,1996,35.530792
Serbia,SRB,1997,29.838024
Serbia,SRB,1998,29.293215
Serbia,SRB,1999,36.133636
Serbia,SRB,2000,30.735523
Serbia,SRB,2001,30.365368
Serbia,SRB,2002,29.873646
Serbia,SRB,2003,25.5108
Serbia,SRB,2004,28.556065
Serbia,SRB,2005,31.81818
Serbia,SRB,2006,28.854198
Serbia,SRB,2007,26.299694
Serbia,SRB,2008,25.964151
Serbia,SRB,2009,27.950146
Serbia,SRB,2010,31.774454
Serbia,SRB,2011,22.803787
Serbia,SRB,2012,25.697708
Serbia,SRB,2013,26.051493
Serbia,SRB,2014,32.98445
Serbia,SRB,2015,26.89545
Serbia,SRB,2016,28.127426
Serbia,SRB,2017,25.493963
Serbia,SRB,2018,29.724571
Serbia,SRB,2019,28.513294
Serbia,SRB,2020,27.326519
Serbia,SRB,2021,33.502403
Serbia,SRB,2022,28.185991
Serbia,SRB,2023,34.694923
Serbia,SRB,2024,31.250002
Slovakia,SVK,1985,9.406381
Slovakia,SVK,1986,6.930652
Slovakia,SVK,1987,8.1763935
Slovakia,SVK,1988,7.6175184
Slovakia,SVK,1989,8.151226
Slovakia,SVK,1990,7.3754416
Slovakia,SVK,1991,5.812036
Slovakia,SVK,1992,8.347676
Slovakia,SVK,1993,14.428275
Slovakia,SVK,1994,17.11818
Slovakia,SVK,1995,18.463867
Slovakia,SVK,1996,16.614298
Slovakia,SVK,1997,16.214056
Slovakia,SVK,1998,16.595413
Slovakia,SVK,1999,15.9018135
Slovakia,SVK,2000,14.977258
Slovakia,SVK,2001,15.964802
Slovakia,SVK,2002,16.84276
Slovakia,SVK,2003,11.555842
Slovakia,SVK,2004,13.558766
Slovakia,SVK,2005,14.932992
Slovakia,SVK,2006,15.392
Slovakia,SVK,2007,17.701975
Slovakia,SVK,2008,15.923346
Slovakia,SVK,2009,18.974161
Slovakia,SVK,2010,21.667881
Slovakia,SVK,2011,17.68034
Slovakia,SVK,2012,19.32862
Slovakia,SVK,2013,22.31579
Slovakia,SVK,2014,23.000368
Slovakia,SVK,2015,22.727272
Slovakia,SVK,2016,24.738808
Slovakia,SVK,2017,23.851204
Slovakia,SVK,2018,21.792948
Slovakia,SVK,2019,23.573202
Slovakia,SVK,2020,24.026657
Slovakia,SVK,2021,22.794613
Slovakia,SVK,2022,21.929163
Slovakia,SVK,2023,22.722654
Slovakia,SVK,2024,23.968634
Slovenia,SVN,1990,23.713827
Slovenia,SVN,1991,28.335949
Slovenia,SVN,1992,27.714748
Slovenia,SVN,1993,25.439331
Slovenia,SVN,1994,26.377037
Slovenia,SVN,1995,25.1938
Slovenia,SVN,1996,28.122606
Slovenia,SVN,1997,23.444613
Slovenia,SVN,1998,25.145773
Slovenia,SVN,1999,28.431372
Slovenia,SVN,2000,28.655401
Slovenia,SVN,2001,26.726519
Slovenia,SVN,2002,23.356165
Slovenia,SVN,2003,22.270426
Slovenia,SVN,2004,27.570398
Slovenia,SVN,2005,23.626738
Slovenia,SVN,2006,24.487095
Slovenia,SVN,2007,22.473406
Slovenia,SVN,2008,26.264473
Slovenia,SVN,2009,29.89628
Slovenia,SVN,2010,29.212791
Slovenia,SVN,2011,24.37186
Slovenia,SVN,2012,27.84566
Slovenia,SVN,2013,32.341774
Slovenia,SVN,2014,38.483967
Slovenia,SVN,2015,29.391891
Slovenia,SVN,2016,31.176834
Slovenia,SVN,2017,27.663553
Slovenia,SVN,2018,32.38213
Slovenia,SVN,2019,31.718061
Slovenia,SVN,2020,33.0373
Slovenia,SVN,2021,34.89416
Slovenia,SVN,2022,30.464073
Slovenia,SVN,2023,40.51447
Slovenia,SVN,2024,42.0
Spain,ESP,1985,25.20347
Spain,ESP,1986,21.030579
Spain,ESP,1987,21.065016
Spain,ESP,1988,25.885878
Spain,ESP,1989,13.563719
Spain,ESP,1990,17.220163
Spain,ESP,1991,17.975567
Spain,ESP,1992,12.5119705
Spain,ESP,1993,16.200361
Spain,ESP,1994,18.140957
Spain,ESP,1995,14.76949
Spain,ESP,1996,23.815022
Spain,ESP,1997,19.547401
Spain,ESP,1998,19.075443
Spain,ESP,1999,13.232504
Spain,ESP,2000,15.611987
Spain,ESP,2001,21.152443
Spain,ESP,2002,13.826017
Spain,ESP,2003,21.667315
Spain,ESP,2004,18.12299
Spain,ESP,2005,14.603055
Spain,ESP,2006,17.642681
Spain,ESP,2007,19.31359
Spain,ESP,2008,20.061977
Spain,ESP,2009,25.481564
Spain,ESP,2010,32.83076
Spain,ESP,2011,30.023323
Spain,ESP,2012,29.586664
Spain,ESP,2013,39.582893
Spain,ESP,2014,40.17636
Spain,ESP,2015,35.025436
Spain,ESP,2016,38.65164
Spain,ESP,2017,32.282104
Spain,ESP,2018,38.271927
Spain,ESP,2019,37.331806
Spain,ESP,2020,43.854782
Spain,ESP,2021,46.44506
Spain,ESP,2022,42.803413
Spain,ESP,2023,51.64022
Spain,ESP,2024,57.2096
Sweden,SWE,1985,53.081524
Sweden,SWE,1986,45.379406
Sweden,SWE,1987,50.363987
Sweden,SWE,1988,49.188953
Sweden,SWE,1989,51.676205
Sweden,SWE,1990,51.000137
Sweden,SWE,1991,44.30156
Sweden,SWE,1992,52.333317
Sweden,SWE,1993,52.918907
Sweden,SWE,1994,43.027332
Sweden,SWE,1995,47.578907
Sweden,SWE,1996,38.404095
Sweden,SWE,1997,48.274242
Sweden,SWE,1998,49.18446
Sweden,SWE,1999,48.275642
Sweden,SWE,2000,57.247128
Sweden,SWE,2001,51.559402
Sweden,SWE,2002,48.500343
Sweden,SWE,2003,43.378387
Sweden,SWE,2004,44.985485
Sweden,SWE,2005,51.288204
Sweden,SWE,2006,49.595196
Sweden,SWE,2007,52.029293
Sweden,SWE,2008,54.309544
Sweden,SWE,2009,58.426056
Sweden,SWE,2010,55.29808
Sweden,SWE,2011,55.955547
Sweden,SWE,2012,59.066326
Sweden,SWE,2013,54.03516
Sweden,SWE,2014,55.841366
Sweden,SWE,2015,63.271606
Sweden,SWE,2016,57.17493
Sweden,SWE,2017,57.882236
Sweden,SWE,2018,55.797012
Sweden,SWE,2019,58.745995
Sweden,SWE,2020,68.4699
Sweden,SWE,2021,67.3827
Sweden,SWE,2022,68.3213
Sweden,SWE,2023,69.47849
Sweden,SWE,2024,69.454254
Switzerland,CHE,1985,57.540203
Switzerland,CHE,1986,58.11356
Switzerland,CHE,1987,58.904114
Switzerland,CHE,1988,59.977894
Switzerland,CHE,1989,55.490753
Switzerland,CHE,1990,53.9795
Switzerland,CHE,1991,56.006077
Switzerland,CHE,1992,55.767498
Switzerland,CHE,1993,58.93239
Switzerland,CHE,1994,59.91988
Switzerland,CHE,1995,56.87249
Switzerland,CHE,1996,51.231163
Switzerland,CHE,1997,55.186493
Switzerland,CHE,1998,53.99988
Switzerland,CHE,1999,59.41687
Switzerland,CHE,2000,56.987293
Switzerland,CHE,2001,59.39479
Switzerland,CHE,2002,55.190334
Switzerland,CHE,2003,54.667896
Switzerland,CHE,2004,54.423046
Switzerland,CHE,2005,55.865055
Switzerland,CHE,2006,51.71415
Switzerland,CHE,2007,54.914948
Switzerland,CHE,2008,55.683178
Switzerland,CHE,2009,55.54222
Switzerland,CHE,2010,56.729748
Switzerland,CHE,2011,54.103054
Switzerland,CHE,2012,59.489212
Switzerland,CHE,2013,59.20803
Switzerland,CHE,2014,58.033672
Switzerland,CHE,2015,62.23702
Switzerland,CHE,2016,61.882164
Switzerland,CHE,2017,62.776386
Switzerland,CHE,2018,58.651382
Switzerland,CHE,2019,59.869633
Switzerland,CHE,2020,62.19886
Switzerland,CHE,2021,66.58741
Switzerland,CHE,2022,58.302288
Switzerland,CHE,2023,62.704624
Switzerland,CHE,2024,67.21311
Turkey,TUR,1985,35.21709
Turkey,TUR,1986,30.019547
Turkey,TUR,1987,42.10705
Turkey,TUR,1988,60.392765
Turkey,TUR,1989,34.590878
Turkey,TUR,1990,40.371914
Turkey,TUR,1991,37.848602
Turkey,TUR,1992,39.628807
Turkey,TUR,1993,46.186157
Turkey,TUR,1994,39.21869
Turkey,TUR,1995,41.570038
Turkey,TUR,1996,42.941486
Turkey,TUR,1997,38.906097
Turkey,TUR,1998,38.335438
Turkey,TUR,1999,29.981106
Turkey,TUR,2000,25.05226
Turkey,TUR,2001,19.91165
Turkey,TUR,2002,26.436243
Turkey,TUR,2003,25.483734
Turkey,TUR,2004,30.924875
Turkey,TUR,2005,24.58702
Turkey,TUR,2006,25.259575
Turkey,TUR,2007,19.037176
Turkey,TUR,2008,17.351414
Turkey,TUR,2009,19.583185
Turkey,TUR,2010,26.385077
Turkey,TUR,2011,25.323685
Turkey,TUR,2012,27.228693
Turkey,TUR,2013,28.823652
Turkey,TUR,2014,20.885096
Turkey,TUR,2015,31.955536
Turkey,TUR,2016,32.8863
Turkey,TUR,2017,29.345083
Turkey,TUR,2018,32.257206
Turkey,TUR,2019,43.79706
Turkey,TUR,2020,42.16225
Turkey,TUR,2021,35.400146
Turkey,TUR,2022,41.911034
Turkey,TUR,2023,42.008816
Turkey,TUR,2024,45.61573
Ukraine,UKR,1985,3.9384654
Ukraine,UKR,1986,3.9072874
Ukraine,UKR,1987,3.4083545
Ukraine,UKR,1988,4.0149326
Ukraine,UKR,1989,3.430161
Ukraine,UKR,1990,3.4949455
Ukraine,UKR,1991,4.1821427
Ukraine,UKR,1992,3.1030953
Ukraine,UKR,1993,4.7717843
Ukraine,UKR,1994,5.935939
Ukraine,UKR,1995,5.090555
Ukraine,UKR,1996,4.684616
Ukraine,UKR,1997,5.504075
Ukraine,UKR,1998,9.080944
Ukraine,UKR,1999,8.297601
Ukraine,UKR,2000,6.5642457
Ukraine,UKR,2001,6.9532604
Ukraine,UKR,2002,5.5450206
Ukraine,UKR,2003,5.133459
Ukraine,UKR,2004,6.4569173
Ukraine,UKR,2005,6.652717
Ukraine,UKR,2006,6.6783743
Ukraine,UKR,2007,5.335032
Ukraine,UKR,2008,6.1377087
Ukraine,UKR,2009,6.9811645
Ukraine,UKR,2010,7.0914097
Ukraine,UKR,2011,5.739933
Ukraine,UKR,2012,5.6466208
Ukraine,UKR,2013,7.7738333
Ukraine,UKR,2014,5.5628486
Ukraine,UKR,2015,4.3377323
Ukraine,UKR,2016,5.626443
Ukraine,UKR,2017,6.959754
Ukraine,UKR,2018,8.150882
Ukraine,UKR,2019,7.7007914
Ukraine,UKR,2020,11.468977
Ukraine,UKR,2021,13.894249
Ukraine,UKR,2022,16.527678
Ukraine,UKR,2023,19.733025
Ukraine,UKR,2024,22.82436
United Kingdom,GBR,1985,1.3268555
United Kingdom,GBR,1986,1.5841147
United Kingdom,GBR,1987,1.3858436
United Kingdom,GBR,1988,1.5819995
United Kingdom,GBR,1989,1.5186039
United Kingdom,GBR,1990,1.792025
United Kingdom,GBR,1991,1.6228938
United Kingdom,GBR,1992,1.9654871
United Kingdom,GBR,1993,1.7702949
United Kingdom,GBR,1994,2.1374326
United Kingdom,GBR,1995,1.9797283
United Kingdom,GBR,1996,1.6216832
United Kingdom,GBR,1997,2.047509
United Kingdom,GBR,1998,2.3848252
United Kingdom,GBR,1999,2.6130652
United Kingdom,GBR,2000,2.628229
United Kingdom,GBR,2001,2.4794033
United Kingdom,GBR,2002,2.8716042
United Kingdom,GBR,2003,2.684513
United Kingdom,GBR,2004,3.5895612
United Kingdom,GBR,2005,4.2500315
United Kingdom,GBR,2006,4.5560956
United Kingdom,GBR,2007,4.959553
United Kingdom,GBR,2008,5.640683
United Kingdom,GBR,2009,6.699225
United Kingdom,GBR,2010,6.852327
United Kingdom,GBR,2011,9.565997
United Kingdom,GBR,2012,11.333718
United Kingdom,GBR,2013,14.851513
United Kingdom,GBR,2014,19.081284
United Kingdom,GBR,2015,24.599405
United Kingdom,GBR,2016,24.473732
United Kingdom,GBR,2017,29.238365
United Kingdom,GBR,2018,33.003716
United Kingdom,GBR,2019,36.605423
United Kingdom,GBR,2020,42.718327
United Kingdom,GBR,2021,39.607994
United Kingdom,GBR,2022,41.97772
United Kingdom,GBR,2023,47.327923
United Kingdom,GBR,2024,51.476917
